TestCfg,EncodeMethod,CodecName,EncodePreset,Class,Name,OrigRes,FPS,BitDepth,CodedRes,QP,Bitrate(kbps),PSNR_Y,PSNR_U,PSNR_V,SSIM_Y(dB),MS-SSIM_Y(dB),VMAF_Y,VMAF_Y-NEG,PSNR-HVS,CIEDE2000,APSNR_Y,APSNR_U,APSNR_V,CAMBI,EncT[s],DecT[s],EncInstr,DecInstr,EncCycles,DecCycles,EncMD5,DecMD5
AS,aom,av2,0,A1,BoxingPractice,3840x2160,60.0000,10,3840x2160,110,18698.144932,42.398909,48.726414,48.730037,13.975178,20.339794,99.974870,99.916243,43.030639,43.266299,42.347852,48.701124,48.704233,0.949451,,,,,,,bbef275cef307f6239117e5172ebfee1,
AS,aom,av2,0,A1,BoxingPractice,3840x2160,60.0000,10,3840x2160,135,6626.312764,41.573745,47.544940,47.468593,13.574910,19.569443,99.634603,97.784643,41.500338,42.399181,41.558854,47.532766,47.454712,1.181964,,,,,,,5090bae62cd567751ac7c35d523ca066,
AS,aom,av2,0,A1,BoxingPractice,3840x2160,60.0000,10,3840x2160,160,2748.024898,40.302340,45.978915,45.809845,13.047371,18.450339,95.187997,92.780491,39.168184,41.218028,40.287914,45.966135,45.797331,1.236379,,,,,,,cd8abe4df095bc0cca0d6a0240f2306c,
AS,aom,av2,0,A1,BoxingPractice,3840x2160,60.0000,10,3840x2160,185,1320.628910,38.277972,43.975278,43.716367,12.215143,16.686019,85.938395,83.201898,35.926258,39.555254,38.257199,43.962788,43.705768,1.267856,,,,,,,8930d7fb487e07887304cbe9a36225d9,
AS,aom,av2,0,A1,BoxingPractice,3840x2160,60.0000,10,3840x2160,210,637.083532,35.576577,41.544790,41.349178,11.117021,14.425912,71.203989,68.152619,32.267836,37.402984,35.550552,41.531979,41.333414,1.316835,,,,,,,986f8d1cc360eda6e88eda5cc0d00e72,
AS,aom,av2,0,A1,BoxingPractice,3840x2160,60.0000,10,3840x2160,235,294.473526,32.413764,38.811171,38.787917,9.877806,11.913835,51.599668,48.622341,28.518344,34.766047,32.386579,38.798631,38.777026,1.261357,,,,,,,c9d61a4cf8c1663cf34d21740de8ce32,
AS,aom,av2,0,A1,BoxingPractice,3840x2160,60.0000,10,2560x1440,110,9344.386075,41.590640,47.088492,47.208809,13.642786,19.873624,99.923230,98.330623,42.124052,42.442367,41.576045,47.078266,47.195709,1.199956,,,,,,,285c16cd662d20fbe1cbde6baa735451,
AS,aom,av2,0,A1,BoxingPractice,3840x2160,60.0000,10,2560x1440,135,3853.164681,40.715100,46.069447,46.039954,13.243703,19.008389,97.271097,94.896647,40.300148,41.600915,40.704462,46.060039,46.028109,1.232402,,,,,,,bba4a8786d2d227cf0a1f7b17339ac92,
AS,aom,av2,0,A1,BoxingPractice,3840x2160,60.0000,10,2560x1440,160,1797.309152,39.138966,44.555120,44.416379,12.577953,17.553568,90.512542,87.778606,37.443793,40.289421,39.122616,44.543889,44.404193,1.305440,,,,,,,d69775b991f1db6ca997ec39fa27851c,
AS,aom,av2,0,A1,BoxingPractice,3840x2160,60.0000,10,2560x1440,185,863.505725,36.798534,42.607978,42.406538,11.615907,15.513364,78.484265,75.416170,33.940001,38.456025,36.775620,42.595891,42.393953,1.377264,,,,,,,b678fcf0b335bc4b079dd1de9af34d52,
AS,aom,av2,0,A1,BoxingPractice,3840x2160,60.0000,10,2560x1440,210,405.637439,33.888879,40.258021,40.105475,10.441556,13.093098,60.935023,57.791112,30.246266,36.207783,33.862720,40.247393,40.092168,1.364545,,,,,,,7c9ac697e91d6c9d53b6de34da6b49b1,
AS,aom,av2,0,A1,BoxingPractice,3840x2160,60.0000,10,2560x1440,235,186.404365,30.745335,37.842956,37.734113,9.279805,10.676485,40.786172,37.940785,26.709334,33.660561,30.718939,37.833094,37.727386,1.176494,,,,,,,d6074c878f9cd9d89a6634062fe02dbd,
AS,aom,av2,0,A1,BoxingPractice,3840x2160,60.0000,10,1920x1080,110,6257.801276,40.677991,45.922681,45.802428,13.275658,19.395804,98.034918,95.683511,41.135925,41.742756,40.669811,45.916334,45.792512,1.261087,,,,,,,6da717fd276123424c5860fa59af5d97,
AS,aom,av2,0,A1,BoxingPractice,3840x2160,60.0000,10,1920x1080,135,2812.431876,39.735700,44.983796,44.747327,12.840844,18.401235,93.919439,91.289801,39.061919,40.862266,39.725351,44.976876,44.736115,1.331494,,,,,,,2f9a45683eccc4d90b4619db05758e1f,
AS,aom,av2,0,A1,BoxingPractice,3840x2160,60.0000,10,1920x1080,160,1332.115269,38.026192,43.536547,43.200057,12.102906,16.735159,85.200434,82.337488,35.964901,39.468467,38.008534,43.527127,43.188235,1.446962,,,,,,,24a5ada422b3f87ff3cfbf5bb9558bc6,
AS,aom,av2,0,A1,BoxingPractice,3840x2160,60.0000,10,1920x1080,185,630.657957,35.572966,41.656173,41.342458,11.097000,14.555576,70.876000,67.816275,32.413261,37.598650,35.549102,41.643113,41.331538,1.513525,,,,,,,63b69127660318ebb082e24ba8c23abd,
AS,aom,av2,0,A1,BoxingPractice,3840x2160,60.0000,10,1920x1080,210,291.854607,32.667639,39.374641,39.208601,9.960043,12.164622,52.661622,49.563554,28.850040,35.244649,32.642314,39.364200,39.195880,1.501015,,,,,,,975efe04e24cdb034be28fba4d00fa5d,
AS,aom,av2,0,A1,BoxingPractice,3840x2160,60.0000,10,1920x1080,235,128.994698,29.527357,37.080757,36.929765,8.858161,9.809746,32.194393,29.652338,25.424350,32.799803,29.502571,37.073937,36.923534,1.378575,,,,,,,017df679074a2b44772ea6225e4a0350,
AS,aom,av2,0,A1,BoxingPractice,3840x2160,60.0000,10,1280x720,110,3660.106048,38.417549,44.480213,43.852138,12.250202,18.111569,90.766439,88.182260,37.637670,40.446518,38.412982,44.475632,43.843755,1.360323,,,,,,,7120c8fafde4666974524fb1bac1f80e,
AS,aom,av2,0,A1,BoxingPractice,3840x2160,60.0000,10,1280x720,135,1807.759010,37.557136,43.591149,42.959162,11.830679,17.015565,84.802774,82.079285,35.888806,39.552592,37.548554,43.585335,42.949398,1.432517,,,,,,,5bd35a9833f332ea892ba52831f0cd79,
AS,aom,av2,0,A1,BoxingPractice,3840x2160,60.0000,10,1280x720,160,861.930685,35.954238,42.186901,41.614067,11.142048,15.267389,73.331436,70.508578,33.215936,38.135182,35.938402,42.178519,41.603956,1.550810,,,,,,,fa21575822a17b5d464780dcdf0058fd,
AS,aom,av2,0,A1,BoxingPractice,3840x2160,60.0000,10,1280x720,185,402.527934,33.628776,40.370804,39.929356,10.233974,13.093462,56.969293,54.185635,30.064287,36.258494,33.605919,40.360371,39.917177,1.550281,,,,,,,47bd5c0b62bf96372f1221b489578203,
AS,aom,av2,0,A1,BoxingPractice,3840x2160,60.0000,10,1280x720,210,182.505495,30.843518,38.160287,37.872052,9.257476,10.815189,38.518996,35.977332,26.834909,33.906721,30.818599,38.151789,37.862758,1.548413,,,,,,,2b9e747c175b0f31e841aa83431d3d75,
AS,aom,av2,0,A1,BoxingPractice,3840x2160,60.0000,10,1280x720,235,79.297933,27.880567,36.332131,36.082883,8.355081,8.703425,20.091274,18.244355,23.769995,31.566253,27.856649,36.326119,36.077610,1.527073,,,,,,,f25e2e8841cf7a4ce7a9335511808c5d,
AS,aom,av2,0,A1,BoxingPractice,3840x2160,60.0000,10,960x540,110,2618.144932,36.288080,43.397267,42.527753,11.190903,16.495568,79.721458,76.961062,33.843654,39.232098,36.284432,43.393077,42.520231,1.444084,,,,,,,ef829c8db9f699a3250474384acdada8,
AS,aom,av2,0,A1,BoxingPractice,3840x2160,60.0000,10,960x540,135,1306.162146,35.582156,42.545353,41.699887,10.855245,15.516891,72.633423,69.834313,32.711319,38.374843,35.575429,42.539768,41.691118,1.513809,,,,,,,9ffb6edc38203ba88cbd2732c5ff8755,
AS,aom,av2,0,A1,BoxingPractice,3840x2160,60.0000,10,960x540,160,622.834396,34.228896,41.210748,40.503959,10.314855,13.954451,60.221211,57.521168,30.807107,37.045718,34.215266,41.202302,40.494658,1.589754,,,,,,,85b2546e9e7093a65f4154098c675c94,
AS,aom,av2,0,A1,BoxingPractice,3840x2160,60.0000,10,960x540,185,287.457773,32.137537,39.460649,38.935261,9.579291,11.966793,43.928507,41.461622,28.247053,35.144224,32.116886,39.451510,38.922721,1.678782,,,,,,,97d1fb22f3f8ef6800ed8a9407039ea1,
AS,aom,av2,0,A1,BoxingPractice,3840x2160,60.0000,10,960x540,210,128.603704,29.527883,37.305469,37.035615,8.765622,9.881680,27.163552,25.065477,25.403641,32.910070,29.503622,37.297405,37.028643,1.649911,,,,,,,40b7ad555f7e997e2e1f0c6322d4727a,
AS,aom,av2,0,A1,BoxingPractice,3840x2160,60.0000,10,960x540,235,55.602244,26.728864,35.691534,35.455782,8.020758,7.943731,10.599686,9.430719,22.637154,30.622353,26.702973,35.682364,35.451715,1.522101,,,,,,,20877f53770758065c9ebbb5cdc0eec6,
AS,aom,av2,0,A1,BoxingPractice,3840x2160,60.0000,10,640x360,110,1567.969262,33.254845,41.937696,41.019312,9.730196,13.860748,53.560988,51.354939,29.266971,37.304370,33.252111,41.933341,41.012609,1.481134,,,,,,,afbb128e2037f8aa3a093b65d04e98ba,
AS,aom,av2,0,A1,BoxingPractice,3840x2160,60.0000,10,640x360,135,797.730270,32.762809,41.162007,40.324059,9.529334,13.147489,46.602815,44.452925,28.693954,36.589644,32.757943,41.156354,40.317748,1.573591,,,,,,,10d673da4a87018565987dc382ae845b,
AS,aom,av2,0,A1,BoxingPractice,3840x2160,60.0000,10,640x360,160,380.263429,31.737111,39.909783,39.178222,9.191663,11.956479,35.655020,33.682197,27.566447,35.364109,31.726822,39.902215,39.170410,1.599000,,,,,,,eebfed2e7e123cba7f94ea253e7b051f,
AS,aom,av2,0,A1,BoxingPractice,3840x2160,60.0000,10,640x360,185,175.349574,30.010471,38.247426,37.747265,8.704312,10.333589,22.739841,21.186311,25.780129,33.634179,29.993404,38.239827,37.740896,1.706507,,,,,,,f5e76433f1902834392eae092ead3a74,
AS,aom,av2,0,A1,BoxingPractice,3840x2160,60.0000,10,640x360,210,78.029048,27.734326,36.484359,36.203309,8.161114,8.606247,10.272464,9.249782,23.555574,31.587460,27.713475,36.474875,36.199416,1.726466,,,,,,,826224b01633ae4b5b349b06e8800976,
AS,aom,av2,0,A1,BoxingPractice,3840x2160,60.0000,10,640x360,235,34.466457,25.178690,35.223577,34.939001,7.630808,6.961774,0.260851,0.153100,21.168967,29.308176,25.154111,35.217298,34.929292,1.644907,,,,,,,8971bd8a4ccb1d943ed909018d06b536,
AS,aom,av2,0,A1,Crosswalk,3840x2160,60.0000,10,3840x2160,110,17142.278030,42.792326,48.817039,52.279670,13.526836,20.071718,95.550367,93.751624,43.159387,43.705936,42.752250,48.802598,52.269670,0.314978,,,,,,,783b1edc5438707e86f21fc0259673c8,
AS,aom,av2,0,A1,Crosswalk,3840x2160,60.0000,10,3840x2160,135,5346.657035,42.131836,48.161779,51.340155,13.216791,19.203589,91.122211,89.016500,41.609517,43.053940,42.122558,48.157030,51.331892,0.364939,,,,,,,abfa7a264d1675e02c726cfbb7d4fdd5,
AS,aom,av2,0,A1,Crosswalk,3840x2160,60.0000,10,3840x2160,160,2271.805733,41.079463,47.162608,49.921457,12.880922,17.946414,82.940772,80.560236,39.454238,42.068453,41.058596,47.155741,49.907411,0.382870,,,,,,,1db6fde3445246e838ba7cba28c0078e,
AS,aom,av2,0,A1,Crosswalk,3840x2160,60.0000,10,3840x2160,185,1056.173365,39.457742,45.752296,47.976921,12.457361,16.257370,69.881678,67.404281,36.844747,40.628501,39.418285,45.741326,47.956593,0.413666,,,,,,,1d1da8b177c649f1f8fbbe8a0138e3d9,
AS,aom,av2,0,A1,Crosswalk,3840x2160,60.0000,10,3840x2160,210,498.505802,37.202535,43.695373,45.558467,11.953346,14.230477,52.274778,49.944161,33.916579,38.603752,37.144037,43.678597,45.532830,0.454383,,,,,,,d9cdc8c1d6426c8e48ff8f2e5c45a644,
AS,aom,av2,0,A1,Crosswalk,3840x2160,60.0000,10,3840x2160,235,231.966188,34.352506,41.438325,42.868343,11.359943,11.967713,31.552737,29.945752,30.748117,36.067171,34.281392,41.428066,42.838267,0.377525,,,,,,,a1772e759c0766b086410a88a35578e0,
AS,aom,av2,0,A1,Crosswalk,3840x2160,60.0000,10,2560x1440,110,8274.428341,42.414139,48.458742,51.790530,13.326553,19.593112,93.370056,91.328263,42.312100,43.341870,42.403201,48.452177,51.782637,0.338614,,,,,,,7878dd21d4280b149e34abc669d74b06,
AS,aom,av2,0,A1,Crosswalk,3840x2160,60.0000,10,2560x1440,135,3215.848767,41.626428,47.701489,50.677718,13.038248,18.591505,87.296545,85.018912,40.525135,42.586014,41.612780,47.695863,50.666402,0.345364,,,,,,,499169daf5f54aa2a630a67ea1dde1c3,
AS,aom,av2,0,A1,Crosswalk,3840x2160,60.0000,10,2560x1440,160,1441.482825,40.294934,46.527926,49.017241,12.661185,17.113368,76.512476,74.082839,38.122726,41.404342,40.264474,46.518970,48.999830,0.389048,,,,,,,8457720dfe625caf9a06c0429a917082,
AS,aom,av2,0,A1,Crosswalk,3840x2160,60.0000,10,2560x1440,185,671.033582,38.367162,44.908459,46.895337,12.205393,15.260209,61.200880,58.735910,35.369854,39.726398,38.317965,44.896106,46.874445,0.400769,,,,,,,ebc48612c6d8a8489665e765a53ffdbd,
AS,aom,av2,0,A1,Crosswalk,3840x2160,60.0000,10,2560x1440,210,314.440022,35.832544,42.769400,44.428039,11.665970,13.130502,41.561716,39.507895,32.351622,37.490193,35.765706,42.753659,44.397352,0.439832,,,,,,,5210dad487d3ba75397f9418177e5162,
AS,aom,av2,0,A1,Crosswalk,3840x2160,60.0000,10,2560x1440,235,144.767233,32.876979,40.336439,41.602334,11.079480,10.913645,22.876843,21.320362,29.227526,34.812926,32.804133,40.323458,41.566543,0.524957,,,,,,,d8ecc361538f732e118295bb5fe0dc49,
AS,aom,av2,0,A1,Crosswalk,3840x2160,60.0000,10,1920x1080,110,5293.326981,42.106306,48.139241,51.382901,13.198195,19.197054,91.215873,88.982491,41.592704,43.044736,42.097166,48.134421,51.373883,0.360324,,,,,,,c0755f90cbbc1e79dadaef71338d39cc,
AS,aom,av2,0,A1,Crosswalk,3840x2160,60.0000,10,1920x1080,135,2323.177131,41.166948,47.296954,50.152012,12.894114,18.066266,83.738446,81.302191,39.635048,42.190174,41.148036,47.290693,50.139000,0.389003,,,,,,,5bc53782b69dc1121678b730ba49afab,
AS,aom,av2,0,A1,Crosswalk,3840x2160,60.0000,10,1920x1080,160,1047.748559,39.621053,45.990376,48.305624,12.489991,16.442673,71.114767,68.613267,37.092123,40.831951,39.583756,45.979987,48.282569,0.449790,,,,,,,5bb7f71d0e6910b4e43b014ec0c44ad6,
AS,aom,av2,0,A1,Crosswalk,3840x2160,60.0000,10,1920x1080,185,487.867824,37.484033,44.233677,46.150117,12.014772,14.494361,54.180961,51.790824,34.271415,38.993964,37.428150,44.217140,46.121829,0.503292,,,,,,,31095f54e0fac84ffc7720a09dfbac87,
AS,aom,av2,0,A1,Crosswalk,3840x2160,60.0000,10,1920x1080,210,226.540229,34.795645,42.049915,43.523746,11.463723,12.336965,34.250798,32.467043,31.231070,36.638008,34.726842,42.034535,43.495413,0.579254,,,,,,,e81181c66f99f53224838f80c65cb5b9,
AS,aom,av2,0,A1,Crosswalk,3840x2160,60.0000,10,1920x1080,235,102.989933,31.808682,39.509341,40.756731,10.894742,10.223218,17.263523,16.248814,28.161844,33.903121,31.734211,39.491765,40.716957,0.672687,,,,,,,a378b43343ba101b9806ea439fbc0a1e,
AS,aom,av2,0,A1,Crosswalk,3840x2160,60.0000,10,1280x720,110,3123.150081,41.522190,47.573186,50.681446,12.974584,18.514834,86.311647,83.950050,40.363976,42.528709,41.509373,47.566542,50.670568,0.387048,,,,,,,ffe07fdfc3175ec4d61a8863eae075a4,
AS,aom,av2,0,A1,Crosswalk,3840x2160,60.0000,10,1280x720,135,1472.666411,40.349347,46.571201,49.238948,12.650311,17.193497,76.732803,74.209521,38.217385,41.501588,40.322405,46.561511,49.221528,0.432833,,,,,,,77fea6e53215e778ddd70e0f6952bca3,
AS,aom,av2,0,A1,Crosswalk,3840x2160,60.0000,10,1280x720,160,669.041728,38.510187,45.072397,47.247898,12.226338,15.409994,61.895143,59.430709,35.553438,39.907005,38.463226,45.058304,47.222287,0.504937,,,,,,,d5290c97d3b43789cf15419323f50f71,
AS,aom,av2,0,A1,Crosswalk,3840x2160,60.0000,10,1280x720,185,309.943595,36.103001,43.114838,44.787721,11.725240,13.366647,43.150352,41.044857,32.656721,37.797841,36.036959,43.096297,44.747842,0.600401,,,,,,,c5508261cc907a30304ae539917a1eee,
AS,aom,av2,0,A1,Crosswalk,3840x2160,60.0000,10,1280x720,210,142.554061,33.290513,40.960257,42.284070,11.180904,11.255217,24.169048,22.746374,29.665782,35.317417,33.217222,40.942285,42.228929,0.744525,,,,,,,8ca5e1e72df5653d9d821c515c92b6b3,
AS,aom,av2,0,A1,Crosswalk,3840x2160,60.0000,10,1280x720,235,64.200415,30.290003,38.437121,39.312768,10.629597,9.302008,10.388988,9.762781,26.667083,32.482953,30.225919,38.422317,39.263949,0.918703,,,,,,,bc2ed53bbbf675c024220ff5d1fa08f8,
AS,aom,av2,0,A1,Crosswalk,3840x2160,60.0000,10,960x540,110,2230.323523,40.902144,47.065931,50.025651,12.747048,17.853043,80.310563,77.833877,39.159234,42.044119,40.883593,47.056628,50.010137,0.432488,,,,,,,25f7cae54cfa38e011a4ba9246cc2186,
AS,aom,av2,0,A1,Crosswalk,3840x2160,60.0000,10,960x540,135,1066.973642,39.592561,45.955238,48.444707,12.433894,16.455227,69.432393,66.862755,37.031004,40.873789,39.558409,45.943921,48.422557,0.484990,,,,,,,6b08c8eb72d13b116a88d2d9e8260d76,
AS,aom,av2,0,A1,Crosswalk,3840x2160,60.0000,10,960x540,160,487.399370,37.576812,44.372189,46.322122,12.010374,14.600211,53.576153,51.187557,34.368200,39.150049,37.520842,44.354502,46.292862,0.580725,,,,,,,62f85991312e11b0f2a9f0cf7a6740d3,
AS,aom,av2,0,A1,Crosswalk,3840x2160,60.0000,10,960x540,185,224.452471,35.028238,42.359001,43.902517,11.507219,12.544721,34.618845,32.780314,31.479159,36.913257,34.960476,42.338905,43.866972,0.720961,,,,,,,c870487ea0bd437ab725a1669523bd83,
AS,aom,av2,0,A1,Crosswalk,3840x2160,60.0000,10,960x540,210,102.510413,32.152932,40.109768,41.288842,10.971780,10.491212,17.274965,16.206474,28.517638,34.322159,32.084919,40.094752,41.249268,0.939015,,,,,,,ee28d3bb8a4676263c666fb0b6a3e5ad,
AS,aom,av2,0,A1,Crosswalk,3840x2160,60.0000,10,960x540,235,45.738877,29.173627,37.437503,38.370444,10.438940,8.681445,5.914524,5.497044,25.573370,31.464076,29.108456,37.406248,38.253545,1.108193,,,,,,,615514e11fc137ae538c593f31853b4c,
AS,aom,av2,0,A1,Crosswalk,3840x2160,60.0000,10,640x360,110,1384.733420,39.637510,46.190303,48.912575,12.338322,16.646787,65.314521,62.967057,36.956190,41.159032,39.603833,46.174785,48.891819,0.470273,,,,,,,394199f0953dd3f766630be011842887,
AS,aom,av2,0,A1,Crosswalk,3840x2160,60.0000,10,640x360,135,676.046415,38.232609,44.978826,47.216384,12.067681,15.240163,53.595758,51.237852,35.088743,39.857532,38.186536,44.960875,47.188211,0.534470,,,,,,,d02d64fb477a235f97b6a769282882bc,
AS,aom,av2,0,A1,Crosswalk,3840x2160,60.0000,10,640x360,160,309.537847,36.068331,43.253633,45.022116,11.667912,13.361857,37.543108,35.557300,32.575723,37.901221,36.003719,43.232132,44.995827,0.667523,,,,,,,5d56548993851b95ad87419a4a56ffab,
AS,aom,av2,0,A1,Crosswalk,3840x2160,60.0000,10,640x360,185,141.004841,33.435737,41.124766,42.625715,11.191396,11.375042,21.803951,20.432460,29.804228,35.534113,33.360181,41.102886,42.574648,0.859860,,,,,,,c282f680cf891fcaa6b3d9b44ef42685,
AS,aom,av2,0,A1,Crosswalk,3840x2160,60.0000,10,640x360,210,63.820487,30.604207,38.807270,40.052038,10.695790,9.507630,8.338284,7.691483,26.985389,32.927625,30.537043,38.789600,39.998164,1.174219,,,,,,,f8153f7006e866427d22acebc00aba96,
AS,aom,av2,0,A1,Crosswalk,3840x2160,60.0000,10,640x360,235,29.324522,27.722007,36.578322,37.385529,10.192234,7.942785,0.587215,0.564354,24.174938,30.172682,27.661118,36.555966,37.297044,1.313260,,,,,,,b5fc703ec5437c56b1564c8d42b664f8,
AS,aom,av2,0,A1,FoodMarket2,3840x2160,60.0000,10,3840x2160,110,24896.201645,43.191753,49.111596,49.323006,15.940789,22.924430,99.970096,99.961796,44.767457,44.214090,43.094777,49.017830,49.223606,0.009696,,,,,,,c42e21b5122b0794177b3fc644aa523d,
AS,aom,av2,0,A1,FoodMarket2,3840x2160,60.0000,10,3840x2160,135,10657.047568,41.768817,47.284686,47.411764,14.985665,21.106031,99.956362,99.944951,41.646090,42.703800,41.696428,47.206894,47.318019,0.011908,,,,,,,a8d684aa19914a8ad0a21be0d3dc88b7,
AS,aom,av2,0,A1,FoodMarket2,3840x2160,60.0000,10,3840x2160,160,4790.689925,39.422692,44.896153,44.949069,13.467955,18.363611,98.852515,96.704773,37.494980,40.459987,39.340303,44.815503,44.844808,0.013783,,,,,,,95623f4c591a19b62b75fafae66d2392,
AS,aom,av2,0,A1,FoodMarket2,3840x2160,60.0000,10,3840x2160,185,2183.123953,36.447850,42.295219,42.270380,11.577724,15.176810,84.666284,82.205047,33.242834,37.768269,36.356349,42.211981,42.154105,0.017961,,,,,,,7d1e78792dc8ee4b7df8d957bcaf8ecc,
AS,aom,av2,0,A1,FoodMarket2,3840x2160,60.0000,10,3840x2160,210,976.687313,33.228195,39.737380,39.600048,9.639173,12.017621,63.917620,61.696360,29.299791,34.891605,33.132556,39.653570,39.494867,0.028356,,,,,,,bcb5c2cf8fba02769a05071ec075bf4f,
AS,aom,av2,0,A1,FoodMarket2,3840x2160,60.0000,10,3840x2160,235,404.663644,29.940516,37.096923,36.866229,7.879904,9.045424,41.153269,39.797557,25.679940,31.918979,29.841489,37.001936,36.749650,0.070148,,,,,,,5cd9f8a61a245fb1a3a93fffa58798f0,
AS,aom,av2,0,A1,FoodMarket2,3840x2160,60.0000,10,2560x1440,110,14749.909783,42.320779,47.786470,47.829641,15.362053,21.908635,99.962553,99.950866,42.991145,43.241656,42.247709,47.688745,47.712215,0.011131,,,,,,,a5529305cca664522b2f87bd6497ad2f,
AS,aom,av2,0,A1,FoodMarket2,3840x2160,60.0000,10,2560x1440,135,6861.749942,40.535454,45.856981,45.870755,14.184989,19.691245,99.942319,99.754529,39.422934,41.483516,40.458788,45.769918,45.758015,0.013632,,,,,,,333cde7731a4000d0f6f23ac045f897c,
AS,aom,av2,0,A1,FoodMarket2,3840x2160,60.0000,10,2560x1440,160,3074.475063,37.811983,43.426147,43.383038,12.430208,16.653439,92.276650,89.721218,35.134365,39.002487,37.721938,43.339842,43.268365,0.016512,,,,,,,8644fd77662c8d1d8362b82218bbe7f8,
AS,aom,av2,0,A1,FoodMarket2,3840x2160,60.0000,10,2560x1440,185,1368.245293,34.679169,40.874843,40.787206,10.496487,13.430160,73.683149,71.295977,31.027159,36.213415,34.581057,40.788623,40.668355,0.023242,,,,,,,fcc525397fe130d3fc549e741e0bdb53,
AS,aom,av2,0,A1,FoodMarket2,3840x2160,60.0000,10,2560x1440,210,591.333589,31.458179,38.408166,38.221904,8.669823,10.404290,51.278720,49.465418,27.316284,33.354899,31.356907,38.323741,38.105412,0.055428,,,,,,,dc8b54e654ed96c4cbfabfb47e548f9e,
AS,aom,av2,0,A1,FoodMarket2,3840x2160,60.0000,10,2560x1440,235,234.017060,28.296475,36.059031,35.718503,7.146385,7.679701,30.761926,29.921102,23.998484,30.518160,28.192728,35.973198,35.602957,0.139959,,,,,,,884fb14881050fb951219569930c8e49,
AS,aom,av2,0,A1,FoodMarket2,3840x2160,60.0000,10,1920x1080,110,10652.436794,41.289658,46.419818,46.428261,14.687958,20.866397,99.950368,99.936598,41.334950,42.216540,41.209456,46.308008,46.276117,0.013539,,,,,,,b5e504137beab1818ce5aed27a01681d,
AS,aom,av2,0,A1,FoodMarket2,3840x2160,60.0000,10,1920x1080,135,5029.291939,39.342414,44.555034,44.528941,13.395026,18.452477,99.022529,96.789165,37.626012,40.355090,39.258846,44.459045,44.394019,0.016256,,,,,,,99a21ec047ba392a797ee32f5ed16291,
AS,aom,av2,0,A1,FoodMarket2,3840x2160,60.0000,10,1920x1080,160,2229.512026,36.519116,42.226458,42.167792,11.595552,15.345809,85.536357,82.921136,33.418947,37.834054,36.424986,42.133917,42.042628,0.022264,,,,,,,f61c0f1f9fc14b7add19d9a6d944de0d,
AS,aom,av2,0,A1,FoodMarket2,3840x2160,60.0000,10,1920x1080,185,974.584800,33.379735,39.800148,39.705121,9.717302,12.202666,64.820563,62.541213,29.491582,35.055801,33.277459,39.704653,39.574519,0.050206,,,,,,,ecdb599ceda13f727d23ca58f8af4b03,
AS,aom,av2,0,A1,FoodMarket2,3840x2160,60.0000,10,1920x1080,210,408.355952,30.223495,37.548105,37.264612,8.031929,9.311353,42.529599,41.079368,25.987596,32.287366,30.117702,37.459597,37.135722,0.120413,,,,,,,920eade5d7c1172c457cb77b1b0a212e,
AS,aom,av2,0,A1,FoodMarket2,3840x2160,60.0000,10,1920x1080,235,156.544993,27.194362,35.287618,34.850735,6.719078,6.816784,24.641207,24.031877,22.908888,29.536746,27.092314,35.199319,34.729702,0.198660,,,,,,,32f9c7d0980965eddf6077c402166166,
AS,aom,av2,0,A1,FoodMarket2,3840x2160,60.0000,10,1280x720,110,6592.768462,38.729027,44.069360,44.270505,12.953709,18.571927,98.470545,96.301298,37.376746,40.137835,38.563144,43.931708,44.071925,0.012796,,,,,,,f9f73750372b9e5cb1e28df75581bcbf,
AS,aom,av2,0,A1,FoodMarket2,3840x2160,60.0000,10,1280x720,135,3144.208407,37.030184,42.459228,42.570568,11.834618,16.310683,89.422024,86.832100,34.438072,38.394052,36.903154,42.344940,42.407178,0.017919,,,,,,,5fb0e18cdba940e944aa4d2fff784e49,
AS,aom,av2,0,A1,FoodMarket2,3840x2160,60.0000,10,1280x720,160,1389.196650,34.462972,40.452796,40.483770,10.260457,13.400145,72.146201,69.761146,30.870158,36.044002,34.355413,40.345401,40.333050,0.032514,,,,,,,8862cc125a4edd0ee68781d93595646f,
AS,aom,av2,0,A1,FoodMarket2,3840x2160,60.0000,10,1280x720,185,594.199647,31.499228,38.415751,38.231444,8.633701,10.493508,50.300164,48.542357,27.374194,33.442685,31.392642,38.311501,38.089633,0.095787,,,,,,,33fe5d4af08741637b0a7c3b3f558bea,
AS,aom,av2,0,A1,FoodMarket2,3840x2160,60.0000,10,1280x720,210,238.679474,28.509091,36.391775,35.937970,7.229979,7.874248,31.104652,30.167334,24.212896,30.777398,28.402466,36.298311,35.790728,0.220898,,,,,,,48af34090637ed4c41954aabb4fd6121,
AS,aom,av2,0,A1,FoodMarket2,3840x2160,60.0000,10,1280x720,235,87.984631,25.665705,34.180578,33.636356,6.212032,5.695986,17.281667,17.037775,21.439845,28.157699,25.567994,34.082772,33.512534,0.297464,,,,,,,d2f658e4ef8169afbd588b72a2a60836,
AS,aom,av2,0,A1,FoodMarket2,3840x2160,60.0000,10,960x540,110,4633.433029,36.207099,42.402903,42.729219,11.177898,16.073365,87.864412,85.356484,33.339389,38.231200,35.964242,42.252407,42.515515,0.013217,,,,,,,8d2253e83b85dde576d78822f7b0e504,
AS,aom,av2,0,A1,FoodMarket2,3840x2160,60.0000,10,960x540,135,2206.657343,34.913566,41.021444,41.233230,10.377951,14.317350,77.001018,74.534645,31.478229,36.748286,34.736691,40.896963,41.063435,0.022507,,,,,,,859149ed5049a6c7a0f55514ca25d459,
AS,aom,av2,0,A1,FoodMarket2,3840x2160,60.0000,10,960x540,160,974.094213,32.792869,39.235131,39.296729,9.195545,11.882475,59.075215,57.012816,28.821381,34.652743,32.665300,39.119607,39.150534,0.049556,,,,,,,d84380975f0fb0f228b36a60186e8192,
AS,aom,av2,0,A1,FoodMarket2,3840x2160,60.0000,10,960x540,185,409.130562,30.111410,37.397325,37.224165,7.876674,9.287406,39.005912,37.649753,25.847378,32.232319,29.995787,37.293492,37.080718,0.156910,,,,,,,d88d2e6c7a05cf5a828e7986ea9f46a5,
AS,aom,av2,0,A1,FoodMarket2,3840x2160,60.0000,10,960x540,210,159.905325,27.319108,35.415283,34.960305,6.743868,6.939175,23.336836,22.791833,23.019170,29.671286,27.213789,35.318855,34.830657,0.308015,,,,,,,c8c072385af727d555b5d8d8335da752,
AS,aom,av2,0,A1,FoodMarket2,3840x2160,60.0000,10,960x540,235,58.136325,24.659934,33.607862,32.749857,5.919835,5.014688,12.517244,12.459556,20.496207,27.216220,24.564135,33.497520,32.620625,0.379944,,,,,,,311eabad900adf9dabd36d98894b6d59,
AS,aom,av2,0,A1,FoodMarket2,3840x2160,60.0000,10,640x360,110,2684.392531,32.781889,40.312736,40.644845,8.973168,12.640602,61.529401,59.620136,28.580981,35.503531,32.477193,40.164672,40.432091,0.011433,,,,,,,9bf18ad79239b79ce267f3f38dd27d1c,
AS,aom,av2,0,A1,FoodMarket2,3840x2160,60.0000,10,640x360,135,1273.676477,31.942693,39.199815,39.404837,8.545536,11.522358,51.269318,49.522553,27.634346,34.379439,31.708110,39.077858,39.242559,0.030076,,,,,,,69c86f0bd03d2a394537a1e7bf2c0ee9,
AS,aom,av2,0,A1,FoodMarket2,3840x2160,60.0000,10,640x360,160,566.062860,30.414356,37.713002,37.716872,7.855285,9.789947,36.914974,35.622837,26.022762,32.699911,30.253977,37.605100,37.570556,0.097741,,,,,,,2dfa86a57c07a7e10305705b854abe9d,
AS,aom,av2,0,A1,FoodMarket2,3840x2160,60.0000,10,640x360,185,235.289633,28.214546,36.147223,35.858359,6.987877,7.721344,23.205305,22.557562,23.837014,30.585423,28.087710,36.042547,35.714918,0.217072,,,,,,,b68b9382639b406ad319a5e35ef07600,
AS,aom,av2,0,A1,FoodMarket2,3840x2160,60.0000,10,640x360,210,89.954353,25.758718,34.391197,33.752371,6.200329,5.783038,13.896428,13.787457,21.507892,28.274166,25.654924,34.288904,33.616988,0.397895,,,,,,,18e719392c2a39f87748d2ab7ab1956f,
AS,aom,av2,0,A1,FoodMarket2,3840x2160,60.0000,10,640x360,235,32.699608,23.305472,32.811255,31.951812,5.608891,4.224614,7.950206,8.031747,19.264544,25.981365,23.217421,32.715232,31.865964,0.516171,,,,,,,a04be9b309da63350bf2474a419f57d5,
AS,aom,av2,0,A1,Neon1224,3840x2160,30.0000,10,3840x2160,110,37759.222316,44.756860,48.617912,47.936933,18.208114,22.506010,99.976332,99.971354,43.690573,46.631384,44.665374,48.475838,47.785683,0.948392,,,,,,,87b3db3f19bb9d89a9c83f5a3c78f728,
AS,aom,av2,0,A1,Neon1224,3840x2160,30.0000,10,3840x2160,135,16608.099593,41.616169,45.875371,45.035424,16.420566,19.772255,99.352872,98.610792,39.917053,44.085402,41.498346,45.798996,44.929737,1.215416,,,,,,,ded370c089a6ef79b1fe2c0808715808,
AS,aom,av2,0,A1,Neon1224,3840x2160,30.0000,10,3840x2160,160,7233.662338,38.753114,42.868797,41.837287,14.889608,17.397421,91.602323,89.399285,36.114387,41.537854,38.639695,42.777314,41.701223,1.426319,,,,,,,d98fa16f82ed917268b37b49d25ad88d,
AS,aom,av2,0,A1,Neon1224,3840x2160,30.0000,10,3840x2160,185,3304.298163,35.814849,39.722854,38.423861,13.413212,14.953739,76.232551,73.653032,32.263297,38.821672,35.690864,39.596671,38.234319,1.520829,,,,,,,5092f35310ea4651787a8f523998b9f5,
AS,aom,av2,0,A1,Neon1224,3840x2160,30.0000,10,3840x2160,210,1481.690617,32.665511,36.512347,34.921984,11.985303,12.382930,56.667088,54.277736,28.484938,35.839823,32.531899,36.362093,34.684243,1.732563,,,,,,,a332eaeb6dcf9c3c59444b20561c47fc,
AS,aom,av2,0,A1,Neon1224,3840x2160,30.0000,10,3840x2160,235,629.250749,29.487757,33.303784,31.381570,10.686666,9.943208,34.143188,32.627374,24.968340,32.713832,29.366476,33.145161,31.116107,1.876953,,,,,,,e6f6b32cca7688ada0f8d966ce2c63f9,
AS,aom,av2,0,A1,Neon1224,3840x2160,30.0000,10,2560x1440,110,22200.219473,42.196464,47.025166,46.191146,16.894799,20.748149,99.901005,99.616762,41.372512,44.932821,42.145951,46.938354,46.083122,1.123516,,,,,,,bcd07e8b090223a5a896deb42fa4630e,
AS,aom,av2,0,A1,Neon1224,3840x2160,30.0000,10,2560x1440,135,10184.116806,39.827040,44.332676,43.328802,15.505677,18.466278,96.304643,94.539530,37.840634,42.699094,39.746129,44.255329,43.215564,1.358518,,,,,,,009fddf40053ebbc91039799be0753b0,
AS,aom,av2,0,A1,Neon1224,3840x2160,30.0000,10,2560x1440,160,4609.807423,37.110207,41.279464,40.073408,14.073581,16.122457,83.686032,81.197577,34.019800,40.153735,37.005160,41.171178,39.914868,1.489017,,,,,,,e8733a9ea68cb2e52e8784bbc2e95a8f,
AS,aom,av2,0,A1,Neon1224,3840x2160,30.0000,10,2560x1440,185,2080.814570,34.089445,38.100112,36.651721,12.633105,13.601928,65.792398,63.212116,30.189328,37.342400,33.965058,37.959943,36.440327,1.650885,,,,,,,ef625eedefb8d9a9427a7186b296f2ca,
AS,aom,av2,0,A1,Neon1224,3840x2160,30.0000,10,2560x1440,210,905.050642,30.993228,34.952793,33.190200,11.310570,11.117328,44.947103,42.894973,26.617715,34.371196,30.869130,34.800320,32.936427,1.789558,,,,,,,e73d875745a9e9d0e70a87527949c8a6,
AS,aom,av2,0,A1,Neon1224,3840x2160,30.0000,10,2560x1440,235,370.684085,27.944422,31.981671,29.853993,10.154895,8.891802,22.641699,21.542388,23.374617,31.334241,27.834715,31.827929,29.581916,1.842029,,,,,,,9b1bb40733bef1b13b3060e26eb3e288,
AS,aom,av2,0,A1,Neon1224,3840x2160,30.0000,10,1920x1080,110,15458.976716,40.592961,45.885768,44.903505,16.068436,19.670968,98.909364,97.754623,39.743520,43.837663,40.554708,45.813759,44.805437,1.299003,,,,,,,c019284799d06675aefa4d33b3cf4563,
AS,aom,av2,0,A1,Neon1224,3840x2160,30.0000,10,1920x1080,135,7355.121187,38.516847,43.147455,41.998422,14.829390,17.555271,91.694593,89.312883,36.286726,41.684865,38.448998,43.060869,41.873307,1.508452,,,,,,,733bd677db36c4533b45fa6433fcb151,
AS,aom,av2,0,A1,Neon1224,3840x2160,30.0000,10,1920x1080,160,3348.985783,35.829319,40.054572,38.712938,13.446042,15.159813,76.362347,73.756160,32.459013,39.084617,35.727933,39.935070,38.540389,1.676513,,,,,,,eae83a13780021782c46671df741786b,
AS,aom,av2,0,A1,Neon1224,3840x2160,30.0000,10,1920x1080,185,1486.408361,32.835804,36.901932,35.320508,12.084047,12.637933,57.375112,54.885283,28.738385,36.257669,32.714668,36.756362,35.098167,1.797046,,,,,,,1a1595d06b40f8391d5c655895b9017a,
AS,aom,av2,0,A1,Neon1224,3840x2160,30.0000,10,1920x1080,210,631.314532,29.845416,33.836890,31.954443,10.860513,10.282528,36.318556,34.565062,25.373121,33.302654,29.731171,33.684706,31.702865,1.849051,,,,,,,fe3e9bd2088323188166f8968d3a5306,
AS,aom,av2,0,A1,Neon1224,3840x2160,30.0000,10,1920x1080,235,247.939753,26.848433,31.078807,28.839589,9.812566,8.169075,15.070887,14.275754,22.284381,30.359005,26.744637,30.931353,28.576142,1.971785,,,,,,,6fc17b592b0d8033d4debc991a52c24d,
AS,aom,av2,0,A1,Neon1224,3840x2160,30.0000,10,1280x720,110,9301.256897,37.772861,43.774649,42.404447,14.523569,18.025464,91.268309,88.985449,36.187186,42.002263,37.743754,43.718089,42.322757,1.501104,,,,,,,7f62fad046ece44ba5fa5c0b81a59406,
AS,aom,av2,0,A1,Neon1224,3840x2160,30.0000,10,1280x720,135,4593.992469,36.169853,41.130156,39.695327,13.563406,16.064431,79.646253,77.092122,33.388768,39.968474,36.121908,41.037998,39.563874,1.686484,,,,,,,946ef5497532a785523668ab91ee06a2,
AS,aom,av2,0,A1,Neon1224,3840x2160,30.0000,10,1280x720,160,2082.533467,33.787881,38.135076,36.562589,12.420563,13.711979,62.656007,60.181979,30.019405,37.403745,33.705524,38.010681,36.382265,1.878171,,,,,,,c1169a6945fb99f892a4a031e497ca8b,
AS,aom,av2,0,A1,Neon1224,3840x2160,30.0000,10,1280x720,185,904.668870,31.029822,35.152357,33.377626,11.282318,11.311625,43.290678,41.252267,26.698452,34.616083,30.926029,35.005686,33.153960,2.056833,,,,,,,5ef76f3d8a2529b021d9b68976a3132b,
AS,aom,av2,0,A1,Neon1224,3840x2160,30.0000,10,1280x720,210,372.181664,28.207020,32.354532,30.238670,10.256153,9.128495,23.304112,22.147905,23.654849,31.767899,28.105192,32.211867,29.985250,2.008137,,,,,,,6041e4797ffbd176f31419c3feae81bf,
AS,aom,av2,0,A1,Neon1224,3840x2160,30.0000,10,1280x720,235,137.683240,25.355646,29.844026,27.433200,9.380420,7.242138,5.295921,5.017736,20.828107,28.990147,25.263302,29.703730,27.172039,1.953130,,,,,,,9669cc9bc7893394b9908f25ca96df09,
AS,aom,av2,0,A1,Neon1224,3840x2160,30.0000,10,960x540,110,6500.257896,35.603663,41.941840,40.192347,13.235413,16.486610,79.046724,76.602104,32.834245,40.483418,35.574456,41.893391,40.119736,1.637863,,,,,,,51935c9e39b13ab42ff45042478d65d4,
AS,aom,av2,0,A1,Neon1224,3840x2160,30.0000,10,960x540,135,3243.766080,34.331945,39.507331,37.847135,12.528484,14.743847,66.763732,64.317299,30.857030,38.578152,34.293678,39.419962,37.726102,1.858343,,,,,,,83207704d2a2fb8db3017b08c4f5607e,
AS,aom,av2,0,A1,Neon1224,3840x2160,30.0000,10,960x540,160,1458.009683,32.266108,36.681511,34.957382,11.640200,12.566232,50.088519,47.923317,28.141908,36.128310,32.200065,36.562431,34.784786,2.097707,,,,,,,0777510ff0ba10e4aa537c9eb0a9b6b4,
AS,aom,av2,0,A1,Neon1224,3840x2160,30.0000,10,960x540,185,626.251902,29.760223,33.909295,31.956719,10.721376,10.368509,32.268425,30.707985,25.274533,33.435215,29.672362,33.771819,31.741025,2.197835,,,,,,,943b36f9588e6d5c0c6123cd7dc19592,
AS,aom,av2,0,A1,Neon1224,3840x2160,30.0000,10,960x540,210,251.065857,27.050706,31.324273,29.125150,9.853370,8.345277,14.433206,13.651216,22.481610,30.698994,26.957653,31.187833,28.877997,2.327505,,,,,,,5b0d2b3337a6a7552f09c81f810346bd,
AS,aom,av2,0,A1,Neon1224,3840x2160,30.0000,10,960x540,235,88.628295,24.319519,29.045095,26.549803,9.100685,6.656109,1.867615,1.798069,19.848002,27.946175,24.233184,28.911779,26.286069,2.361850,,,,,,,5b9529fb598519f4d5eae24ddc5d297f,
AS,aom,av2,0,A1,Neon1224,3840x2160,30.0000,10,640x360,110,3874.531007,32.796308,39.175475,37.039080,11.666494,14.205748,53.477845,51.565557,28.721043,38.197021,32.766495,39.128453,36.964027,1.738952,,,,,,,a2c2b7f16b3980ebe50298460dda49f7,
AS,aom,av2,0,A1,Neon1224,3840x2160,30.0000,10,640x360,135,1944.354107,31.856158,37.153378,35.198982,11.242309,12.789748,42.545219,40.786558,27.540483,36.509717,31.824269,37.071454,35.084385,1.961796,,,,,,,0b0602cc9bbbbdef1e9e2d34558a1af9,
AS,aom,av2,0,A1,Neon1224,3840x2160,30.0000,10,640x360,160,864.938754,30.184576,34.684160,32.765275,10.662607,10.971095,28.857999,27.515890,25.643396,34.275726,30.134320,34.571337,32.598277,2.230168,,,,,,,84cb757b818451ff38c0d4461ef3becb,
AS,aom,av2,0,A1,Neon1224,3840x2160,30.0000,10,640x360,185,364.057481,27.983441,32.262867,30.106103,10.000762,9.089838,15.213145,14.438063,23.358921,31.791688,27.912709,32.136867,29.896219,2.419495,,,,,,,8b0fb5c0a87dbe9257a8694ad7d491e0,
AS,aom,av2,0,A1,Neon1224,3840x2160,30.0000,10,640x360,210,138.319527,25.447752,30.000670,27.643104,9.347828,7.334733,3.282977,3.132592,20.905892,29.168886,25.365462,29.872548,27.404610,2.528583,,,,,,,7e0cd2cb6ae22f6cfd7d1ae738bf6b7c,
AS,aom,av2,0,A1,Neon1224,3840x2160,30.0000,10,640x360,235,45.583955,22.996315,27.973362,25.420007,8.768959,5.929573,0.214680,0.214129,18.616919,26.643864,22.925922,27.852694,25.165301,2.606649,,,,,,,bddbf828ad799b5fdb06afb6b4176973,
AS,aom,av2,0,A1,NocturneDance,3840x2160,60.0000,10,3840x2160,110,45569.505231,46.337652,43.789927,48.879647,19.104762,21.848498,93.565658,91.513844,43.361011,44.968480,46.259601,43.729281,48.830073,0.599605,,,,,,,fe2607239cb783d5a4c7b66947a47c58,
AS,aom,av2,0,A1,NocturneDance,3840x2160,60.0000,10,3840x2160,135,19374.365538,43.245142,41.996831,47.430390,16.674565,18.777333,85.014308,82.660591,39.572900,42.921243,43.168217,41.964176,47.400187,0.843456,,,,,,,c869d7e6ba8cfd1c77adba8c4d3bf5d8,
AS,aom,av2,0,A1,NocturneDance,3840x2160,60.0000,10,3840x2160,160,7880.030769,40.003203,40.344403,45.860049,14.333499,15.628320,69.491978,67.053965,35.846213,40.888313,39.912581,40.322347,45.836959,0.928777,,,,,,,705789f7aa7ebd308ef39bd510df6d8b,
AS,aom,av2,0,A1,NocturneDance,3840x2160,60.0000,10,3840x2160,185,3065.250462,36.728908,38.664537,44.221989,12.111653,12.405655,47.409502,45.680652,32.278795,38.794567,36.626992,38.642123,44.202594,1.031677,,,,,,,bedb2c0d5cd5729a99cff021d45abc70,
AS,aom,av2,0,A1,NocturneDance,3840x2160,60.0000,10,3840x2160,210,926.832000,33.610758,36.977976,42.645292,10.366922,9.356698,23.947539,23.262813,29.064167,36.645923,33.516940,36.957415,42.633797,1.388456,,,,,,,7a96a4534dfe1b48853252a2646237ad,
AS,aom,av2,0,A1,NocturneDance,3840x2160,60.0000,10,3840x2160,235,197.926154,31.573756,35.693670,41.009070,9.575283,7.570215,9.008294,8.800219,27.091369,34.896867,31.533082,35.684884,41.001292,1.588506,,,,,,,83ef20d3f362fb6c3b23f763a48cfcf5,
AS,aom,av2,0,A1,NocturneDance,3840x2160,60.0000,10,2560x1440,110,27939.123692,44.513892,42.445254,47.850420,17.638541,20.023639,89.343386,87.109199,41.105816,43.607156,44.444283,42.412468,47.815518,0.813153,,,,,,,6ae9177d764a7197ef2f34d3a3872474,
AS,aom,av2,0,A1,NocturneDance,3840x2160,60.0000,10,2560x1440,135,11812.726154,41.425578,40.975239,46.549703,15.327938,17.003403,77.187977,74.841137,37.460441,41.740517,41.346496,40.953372,46.525442,0.968614,,,,,,,ae60f4e05b0182852e2d5fc63050b5c3,
AS,aom,av2,0,A1,NocturneDance,3840x2160,60.0000,10,2560x1440,160,4681.502769,38.187162,39.437499,44.992294,13.078424,13.869576,57.582934,55.565153,33.853718,39.753347,38.093101,39.416924,44.970671,1.076616,,,,,,,65c11f190e97d31377d940bacd3a65ec,
AS,aom,av2,0,A1,NocturneDance,3840x2160,60.0000,10,2560x1440,185,1605.286154,34.981143,37.786531,43.419562,11.077092,10.704932,34.179453,33.038543,30.456326,37.664658,34.882495,37.764120,43.401575,1.336466,,,,,,,39587e4f6132cc8261bc5d8ce9f58f5d,
AS,aom,av2,0,A1,NocturneDance,3840x2160,60.0000,10,2560x1440,210,394.667077,32.338819,36.311890,41.931373,9.833787,8.205549,14.850067,14.403594,27.823649,35.706388,32.271356,36.294888,41.918348,1.949327,,,,,,,d96dc2167cd72852e4071e214418da16,
AS,aom,av2,0,A1,NocturneDance,3840x2160,60.0000,10,2560x1440,235,77.604923,30.986517,35.327723,40.332414,9.429390,7.177941,5.838238,5.647010,26.558755,34.349871,30.963890,35.320467,40.326253,2.106679,,,,,,,b77dd0104bedbb0cbeff5120c7021fba,
AS,aom,av2,0,A1,NocturneDance,3840x2160,60.0000,10,1920x1080,110,19715.364923,43.184536,41.170203,46.864302,16.605825,18.711927,85.216491,82.781913,39.487204,42.507451,43.116848,41.150175,46.837333,0.902712,,,,,,,ddbb75bf3d8735d6afb6624b88fcc2eb,
AS,aom,av2,0,A1,NocturneDance,3840x2160,60.0000,10,1920x1080,135,8324.182154,40.131705,40.031064,45.707639,14.398246,15.745553,70.434182,68.035040,35.988209,40.815504,40.051691,40.013386,45.686270,1.029251,,,,,,,68c12b1f9a64de2512701f9f61ac3c7d,
AS,aom,av2,0,A1,NocturneDance,3840x2160,60.0000,10,1920x1080,160,3134.429538,36.858925,38.647226,44.284639,12.209370,12.560262,48.138684,46.422230,32.419381,38.873864,36.761359,38.626744,44.265599,1.264032,,,,,,,893a9147e3f0593b61aeb7f0d1c4908f,
AS,aom,av2,0,A1,NocturneDance,3840x2160,60.0000,10,1920x1080,185,942.062769,33.807146,37.152809,42.890577,10.467063,9.580397,25.082913,24.306215,29.263819,36.871976,33.716375,37.131431,42.878267,1.684624,,,,,,,1a639affa7b80c43882e67680fe64fd4,
AS,aom,av2,0,A1,NocturneDance,3840x2160,60.0000,10,1920x1080,210,208.541538,31.743437,35.946053,41.452254,9.634901,7.706863,10.450288,10.172012,27.259809,35.237669,31.698618,35.931470,41.443121,2.411159,,,,,,,cc2db1fe6604133d422c8f8c667183d1,
AS,aom,av2,0,A1,NocturneDance,3840x2160,60.0000,10,1920x1080,235,42.288000,30.629406,35.055662,39.868613,9.359825,6.991482,3.640088,3.493425,26.241201,33.941396,30.613055,35.049597,39.858351,2.736755,,,,,,,e4decb989a52462c8a3bdc65cdaa67b6,
AS,aom,av2,0,A1,NocturneDance,3840x2160,60.0000,10,1280x720,110,11589.792000,41.096191,39.234323,45.368051,14.956602,16.769319,75.755332,73.402389,37.057213,40.862576,41.041191,39.216741,45.343749,0.874688,,,,,,,ece8b26844647bf72cf7096274c9c307,
AS,aom,av2,0,A1,NocturneDance,3840x2160,60.0000,10,1280x720,135,4848.875077,38.181361,38.514305,44.457896,13.008813,13.878436,57.513701,55.403640,33.814901,39.405692,38.100449,38.497764,44.437540,1.060964,,,,,,,8afb757f788b27ebfe2517457fb46c71,
AS,aom,av2,0,A1,NocturneDance,3840x2160,60.0000,10,1280x720,160,1628.798769,35.038009,37.501653,43.415323,11.116365,10.787428,33.546341,32.421401,30.503296,37.626465,34.943652,37.482918,43.400737,1.515049,,,,,,,a9901c6a646cc7b068e1e3e3eeaee1a9,
AS,aom,av2,0,A1,NocturneDance,3840x2160,60.0000,10,1280x720,185,398.115692,32.458399,36.391089,42.143875,9.876846,8.330296,14.606473,14.192026,27.937184,35.886526,32.390908,36.374316,42.132227,2.219492,,,,,,,601a55c79e57c9863f28a817b41f7416,
AS,aom,av2,0,A1,NocturneDance,3840x2160,60.0000,10,1280x720,210,79.990154,31.147981,35.516663,40.683627,9.474894,7.289504,6.885315,6.659225,26.708938,34.563272,31.125137,35.508069,40.673443,3.094080,,,,,,,5bcd00a96831527ca5d792c98afc08fb,
AS,aom,av2,0,A1,NocturneDance,3840x2160,60.0000,10,1280x720,235,23.305846,30.093011,34.644807,39.019591,9.279370,6.777199,0.552612,0.525016,25.767354,33.310175,30.079278,34.641541,39.005154,3.434030,,,,,,,84681470c4c263005ef8b31961c75838,
AS,aom,av2,0,A1,NocturneDance,3840x2160,60.0000,10,960x540,110,7627.089231,39.165492,38.120132,44.501539,13.404257,14.972137,64.028614,61.940770,34.828658,39.666432,39.124537,38.102622,44.478861,0.832386,,,,,,,04b860753c5061aaece64c822cedfa10,
AS,aom,av2,0,A1,NocturneDance,3840x2160,60.0000,10,960x540,135,3076.419692,36.635455,37.559805,43.764230,11.917751,12.387647,44.772922,43.209287,32.113084,38.384322,36.564568,37.542844,43.745398,1.143907,,,,,,,3e86170e36adb1e962195af3ddb56c99,
AS,aom,av2,0,A1,NocturneDance,3840x2160,60.0000,10,960x540,160,921.463385,33.805644,36.811547,42.830830,10.451077,9.606891,23.168401,22.417870,29.239716,36.780049,33.721170,36.794829,42.817277,1.853647,,,,,,,ae1106f53fadc3ee6f8c916426717c88,
AS,aom,av2,0,A1,NocturneDance,3840x2160,60.0000,10,960x540,185,205.388308,31.799099,35.971038,41.617556,9.645460,7.770545,9.295876,9.038097,27.309099,35.297433,31.754119,35.958081,41.608045,2.715501,,,,,,,63500ea709d15c3ca33ab4d738383bc9,
AS,aom,av2,0,A1,NocturneDance,3840x2160,60.0000,10,960x540,210,43.366154,30.766179,35.249297,40.288942,9.392976,7.073896,3.779849,3.645541,26.369416,34.194900,30.749948,35.240628,40.279187,3.542557,,,,,,,453f5a5678a4e76e09905982892b793c,
AS,aom,av2,0,A1,NocturneDance,3840x2160,60.0000,10,960x540,235,16.833231,29.634358,34.314517,38.323288,9.228340,6.644271,0.022942,0.021164,25.366754,32.858858,29.620503,34.312435,38.310965,3.774674,,,,,,,be64e96aa8a03ed3fc7053843786b21b,
AS,aom,av2,0,A1,NocturneDance,3840x2160,60.0000,10,640x360,110,3762.989538,36.182215,37.056162,43.656343,11.288257,12.163772,39.015231,37.655446,31.464002,38.025307,36.148203,37.038886,43.636543,0.772326,,,,,,,13136e8aa5d04ae2eaee950a4645eefc,
AS,aom,av2,0,A1,NocturneDance,3840x2160,60.0000,10,640x360,135,1343.298462,34.377175,36.676446,43.037756,10.523254,10.233397,23.069484,22.284797,29.710967,37.007064,34.325702,36.660756,43.021962,1.376956,,,,,,,c077ea801bec49302d2d90c6b3659883,
AS,aom,av2,0,A1,NocturneDance,3840x2160,60.0000,10,640x360,160,331.539692,32.351309,36.163998,42.090587,9.790227,8.272730,9.790898,9.489532,27.804783,35.752904,32.299186,36.150036,42.079135,2.370005,,,,,,,fe14739a8f9c3efef2d08e47152a226c,
AS,aom,av2,0,A1,NocturneDance,3840x2160,60.0000,10,640x360,185,79.377231,31.179892,35.566986,40.877361,9.465699,7.324733,3.542771,3.437777,26.734581,34.681960,31.156277,35.558448,40.868885,3.227419,,,,,,,275d67699f9318f577fa52c1bcfbd46b,
AS,aom,av2,0,A1,NocturneDance,3840x2160,60.0000,10,640x360,210,23.804308,30.235790,34.811792,39.450910,9.308698,6.839505,0.297615,0.282607,25.898577,33.543243,30.222267,34.803423,39.439449,3.809053,,,,,,,0f6ff20a173a865727726383fea0b2ea,
AS,aom,av2,0,A1,NocturneDance,3840x2160,60.0000,10,640x360,235,11.124923,28.968522,33.799261,37.899991,9.168257,6.462472,0.000000,0.000000,24.792508,32.157055,28.952829,33.794581,37.891498,4.056408,,,,,,,f7944038147738705cba06165390bfcc,
AS,aom,av2,0,A1,PierSeaSide,3840x2160,30.0000,10,3840x2160,110,10447.577042,44.571016,47.201304,44.596808,16.966094,23.327520,99.541116,98.764406,44.901366,44.150446,44.427223,47.113341,44.500075,0.000360,,,,,,,8bb056e338739244842e09c9f32ee86e,
AS,aom,av2,0,A1,PierSeaSide,3840x2160,30.0000,10,3840x2160,135,3475.252961,42.873905,46.201768,43.828619,15.740487,21.164898,97.858144,96.306533,42.077320,43.107896,42.634397,46.111798,43.736474,0.000895,,,,,,,fb9d9bab30504119c2f966a0c2de8b0c,
AS,aom,av2,0,A1,PierSeaSide,3840x2160,30.0000,10,3840x2160,160,1130.315322,40.692653,44.909027,42.984192,14.323790,18.681128,92.386286,90.305384,38.837256,41.767423,40.386242,44.822735,42.893818,0.003057,,,,,,,42abd25b4c5f6d0059e36c591e70049f,
AS,aom,av2,0,A1,PierSeaSide,3840x2160,30.0000,10,3840x2160,185,387.406052,38.295309,43.126282,41.767185,12.906050,16.375011,82.821546,80.556691,35.599500,40.124949,38.005913,43.062788,41.692066,0.011656,,,,,,,59ec9331ee85adfde789fbcdec0c5d99,
AS,aom,av2,0,A1,PierSeaSide,3840x2160,30.0000,10,3840x2160,210,141.740579,35.729825,40.783434,40.040848,11.482309,14.177157,68.480261,66.054441,32.301525,38.136790,35.515816,40.744375,39.983535,0.032769,,,,,,,4898e7f0664a7503aaa9fe266e497c96,
AS,aom,av2,0,A1,PierSeaSide,3840x2160,30.0000,10,3840x2160,235,54.541711,32.979350,38.099757,38.093308,10.103520,11.956580,48.838932,46.439228,28.973111,35.786644,32.841759,38.076106,38.057103,0.074127,,,,,,,01254d1c2028df01c3b8d038d433f770,
AS,aom,av2,0,A1,PierSeaSide,3840x2160,30.0000,10,2560x1440,110,5299.937219,43.262099,46.192663,43.417787,16.112342,22.038733,98.555606,97.308934,43.219064,43.140819,43.012859,46.076979,43.278710,0.000651,,,,,,,6df51958bdfc8b6921bcd8d8436efc91,
AS,aom,av2,0,A1,PierSeaSide,3840x2160,30.0000,10,2560x1440,135,1827.865689,41.531716,45.221566,42.841613,14.891545,19.802040,95.222639,93.169033,40.289666,42.142230,41.215188,45.111610,42.711433,0.001755,,,,,,,945d63b092e1f2f5696e19e782c50e9b,
AS,aom,av2,0,A1,PierSeaSide,3840x2160,30.0000,10,2560x1440,160,604.256062,39.330641,43.794398,42.026707,13.511481,17.397633,87.630979,85.407117,37.056796,40.775518,39.005410,43.707686,41.919303,0.006876,,,,,,,2be73482dd00a2a470929dfde504b324,
AS,aom,av2,0,A1,PierSeaSide,3840x2160,30.0000,10,2560x1440,185,215.422516,36.919958,41.871421,40.766298,12.129158,15.222675,75.746672,73.329524,33.844535,39.078675,36.660656,41.812642,40.689723,0.021235,,,,,,,d516a3ed0fbee76fa6ad9a4678ef79b1,
AS,aom,av2,0,A1,PierSeaSide,3840x2160,30.0000,10,2560x1440,210,81.009371,34.296066,39.525478,39.074824,10.743349,13.047119,58.720231,56.180656,30.554543,37.025411,34.114829,39.488263,39.019673,0.066739,,,,,,,1d9cb75ef268b2f8231d93d7c329433e,
AS,aom,av2,0,A1,PierSeaSide,3840x2160,30.0000,10,2560x1440,235,31.877014,31.519418,37.067943,37.366722,9.465045,10.841820,37.194562,35.017037,27.336008,34.721368,31.409359,37.049652,37.333455,0.137308,,,,,,,3ff4574dd4ced084c5422f82fdd34520,
AS,aom,av2,0,A1,PierSeaSide,3840x2160,30.0000,10,1920x1080,110,3232.093902,41.586646,45.011517,42.593891,15.114048,20.804878,96.141539,94.154281,41.577999,42.130568,41.162139,44.879853,42.442624,0.001464,,,,,,,619875589cbc8797be2f363fc0ffc3df,
AS,aom,av2,0,A1,PierSeaSide,3840x2160,30.0000,10,1920x1080,135,1135.283887,40.109321,44.115332,42.113577,14.047852,18.699074,91.321004,89.109276,38.782958,41.220198,39.693246,43.996484,41.977372,0.003790,,,,,,,d48d2ac5421d088c4ecd12f846f265c0,
AS,aom,av2,0,A1,PierSeaSide,3840x2160,30.0000,10,1920x1080,160,389.785209,38.126893,42.731152,41.304174,12.812252,16.459536,82.403978,80.114658,35.688263,39.910880,37.777584,42.648231,41.199277,0.014171,,,,,,,8698a44f70515363c1448b4dd121ee52,
AS,aom,av2,0,A1,PierSeaSide,3840x2160,30.0000,10,1920x1080,185,144.800286,35.814463,40.845734,40.001029,11.515489,14.365018,69.004858,66.529462,32.525459,38.239143,35.564078,40.794534,39.928270,0.052374,,,,,,,0f714fb91a66c1513eb07b9eb8e9dc52,
AS,aom,av2,0,A1,PierSeaSide,3840x2160,30.0000,10,1920x1080,210,54.554622,33.183420,38.676647,38.454146,10.205141,12.198067,49.886418,47.507289,29.264874,36.212416,33.024099,38.647764,38.409805,0.129115,,,,,,,edba04bd9f8f797b92c09e9d1d197330,
AS,aom,av2,0,A1,PierSeaSide,3840x2160,30.0000,10,1920x1080,235,21.274089,30.445401,36.245288,36.874791,9.018489,10.004971,27.652577,25.838277,26.180404,33.879964,30.351222,36.232422,36.844569,0.209845,,,,,,,992ef50f7a753abbf233cbe623dbe41f,
AS,aom,av2,0,A1,PierSeaSide,3840x2160,30.0000,10,1280x720,110,1535.830632,38.298366,42.940153,41.531286,13.000434,18.338853,87.427705,85.093964,37.015419,40.316938,37.774833,42.831609,41.397857,0.001753,,,,,,,52a1869a8f9a0b41043b55c9d8d44a99,
AS,aom,av2,0,A1,PierSeaSide,3840x2160,30.0000,10,1280x720,135,560.335719,37.370244,42.223233,41.100305,12.330359,16.736272,81.360767,78.985299,35.297873,39.582565,36.898779,42.131706,40.985073,0.006692,,,,,,,11523c3708afcb6051aae029c5007bf6,
AS,aom,av2,0,A1,PierSeaSide,3840x2160,30.0000,10,1280x720,160,207.770483,35.966694,41.046594,40.243656,11.492852,14.946799,71.157687,68.798208,33.054456,38.477607,35.602930,40.977474,40.158080,0.024803,,,,,,,6376d398a16145574f78cbc0ac8731ed,
AS,aom,av2,0,A1,PierSeaSide,3840x2160,30.0000,10,1280x720,185,81.273107,34.009197,39.361915,39.003567,10.498571,13.052637,56.084956,53.645684,30.362751,36.939668,33.778787,39.319517,38.944645,0.088688,,,,,,,779456275ceae5aa19ee2f10d52d4511,
AS,aom,av2,0,A1,PierSeaSide,3840x2160,30.0000,10,1280x720,210,31.583769,31.595427,37.404901,37.567901,9.440251,10.995905,36.104261,34.068765,27.460933,34.974133,31.464464,37.378651,37.526714,0.207664,,,,,,,dc1fd436c8d04eae9f825aba4fa76049,
AS,aom,av2,0,A1,PierSeaSide,3840x2160,30.0000,10,1280x720,235,12.626130,29.007826,35.033008,36.259781,8.443587,8.851147,14.241903,12.981889,24.674675,32.699461,28.941810,35.014932,36.232813,0.302298,,,,,,,bcb6005fec975aee686963c84a7a82d4,
AS,aom,av2,0,A1,PierSeaSide,3840x2160,30.0000,10,960x540,110,884.594520,35.733354,41.331615,40.735632,11.331714,16.018354,74.193240,71.906552,32.806956,38.835849,35.316932,41.254461,40.627120,0.003521,,,,,,,d30b4874d1056f77753146770c61c71f,
AS,aom,av2,0,A1,PierSeaSide,3840x2160,30.0000,10,960x540,135,337.340476,35.146885,40.749228,40.337615,10.942399,14.950114,68.047496,65.770337,31.927279,38.242562,34.762337,40.680683,40.243382,0.012002,,,,,,,f5679da3c03efff23b91721426a0d3db,
AS,aom,av2,0,A1,PierSeaSide,3840x2160,30.0000,10,960x540,160,133.848786,34.170471,39.765979,39.541777,10.421197,13.611512,57.784856,55.586737,30.564492,37.319432,33.856157,39.713610,39.472802,0.048834,,,,,,,1021544f6df63d7783b2e8cf5fd0231b,
AS,aom,av2,0,A1,PierSeaSide,3840x2160,30.0000,10,960x540,185,53.676731,32.528591,38.294254,38.353833,9.682274,11.941977,42.107932,40.103851,28.500037,35.886022,32.328882,38.261535,38.302026,0.136610,,,,,,,3ff8310368309b029496750acbc40587,
AS,aom,av2,0,A1,PierSeaSide,3840x2160,30.0000,10,960x540,210,21.475119,30.371326,36.527622,37.017706,8.870264,10.027029,23.110128,21.631894,26.080298,34.066223,30.258276,36.509886,36.980250,0.256009,,,,,,,d25af1b2f275b863493db3a3e6250381,
AS,aom,av2,0,A1,PierSeaSide,3840x2160,30.0000,10,960x540,235,8.777060,27.952193,34.468609,35.598870,8.080367,8.027672,4.351392,3.484986,23.615282,31.798901,27.901021,34.453650,35.574755,0.317558,,,,,,,bae2d96642aaffeadf9132d231e61315,
AS,aom,av2,0,A1,PierSeaSide,3840x2160,30.0000,10,640x360,110,400.530146,32.474897,39.487703,39.662028,9.458518,12.924863,43.254276,41.525122,28.177106,36.769683,32.245448,39.437360,39.580943,0.006148,,,,,,,4fe0a13d73ea8071891a23cd019f313e,
AS,aom,av2,0,A1,PierSeaSide,3840x2160,30.0000,10,640x360,135,163.287626,32.167567,39.035558,39.284888,9.297352,12.364187,38.256399,36.614154,27.824063,36.338680,31.946144,38.989568,39.213811,0.022475,,,,,,,d4c21c87454c9f4528777757c797a6a8,
AS,aom,av2,0,A1,PierSeaSide,3840x2160,30.0000,10,640x360,160,69.716675,31.581430,38.203341,38.521953,9.052906,11.530298,29.999356,28.466498,27.174061,35.589605,31.390135,38.166204,38.466148,0.098065,,,,,,,d2a3a09076fdf134b04aea1e8b5fe19a,
AS,aom,av2,0,A1,PierSeaSide,3840x2160,30.0000,10,640x360,185,29.276540,30.437911,36.960503,37.485207,8.654893,10.287968,17.688730,16.400502,25.976752,34.390610,30.300900,36.933590,37.445630,0.187162,,,,,,,3e23fe6e8e3d7a33603fe9f810ba16c3,
AS,aom,av2,0,A1,PierSeaSide,3840x2160,30.0000,10,640x360,210,12.131856,28.730674,35.230612,36.239476,8.165167,8.705695,4.148468,3.296787,24.292225,32.670949,28.650793,35.214942,36.207010,0.271967,,,,,,,5aa5b9bb5138cc8f07618cfd49e8c5c1,
AS,aom,av2,0,A1,PierSeaSide,3840x2160,30.0000,10,640x360,235,5.483127,26.689598,33.377416,35.116589,7.700398,7.054682,0.000000,0.000000,22.388514,30.643257,26.644651,33.366251,35.096317,0.393438,,,,,,,d6a5b7d470e9386eefab0b0d0fc2878b,
AS,aom,av2,0,A1,Tango,3840x2160,60.0000,10,3840x2160,110,27173.857527,40.437185,49.745781,48.009021,11.478710,18.275921,97.421427,95.736501,41.386267,42.581636,40.373205,49.736539,47.986265,0.314726,,,,,,,09b9c65defd9af51acb9c1d49696dbed,
AS,aom,av2,0,A1,Tango,3840x2160,60.0000,10,3840x2160,135,8899.328364,39.825745,49.105501,46.960207,11.159808,17.422118,93.527700,91.457447,39.805303,41.923563,39.816765,49.101961,46.947438,0.512514,,,,,,,675bc08a2e3850d3d1e0c924cd77da4e,
AS,aom,av2,0,A1,Tango,3840x2160,60.0000,10,3840x2160,160,3513.594098,38.898777,48.035432,45.351906,10.835830,16.277945,85.837612,83.429355,37.650995,40.945677,38.892086,48.029306,45.335365,0.566933,,,,,,,9694630bff202d64778b423fdb89236a,
AS,aom,av2,0,A1,Tango,3840x2160,60.0000,10,3840x2160,185,1695.990164,37.381903,46.446083,43.168734,10.406521,14.684652,72.954742,70.413880,34.937581,39.482837,37.366461,46.436246,43.146004,0.604477,,,,,,,c878a487c4f9e43204105fe7143999d2,
AS,aom,av2,0,A1,Tango,3840x2160,60.0000,10,3840x2160,210,816.118036,35.196987,44.425688,40.601824,9.865932,12.747680,55.969391,53.590178,31.902589,37.531046,35.169178,44.409725,40.576193,0.769608,,,,,,,cd9fcb6799a1f279b487e6dfc36add2a,
AS,aom,av2,0,A1,Tango,3840x2160,60.0000,10,3840x2160,235,374.055483,32.424914,41.838122,37.859118,9.240871,10.609757,37.736908,35.762482,28.696262,35.035580,32.387516,41.820401,37.831982,0.779216,,,,,,,7fa3c9a7686612a2ed184601937423a9,
AS,aom,av2,0,A1,Tango,3840x2160,60.0000,10,2560x1440,110,12609.909475,40.056859,49.386100,47.359903,11.254786,17.762617,95.434195,93.477813,40.463428,42.181105,40.045965,49.381852,47.345627,0.438217,,,,,,,5c80d1f2926f3e3fccc4d885fc35995f,
AS,aom,av2,0,A1,Tango,3840x2160,60.0000,10,2560x1440,135,4996.086990,39.377642,48.597653,46.121168,10.986557,16.856925,90.061405,87.780967,38.713283,41.436376,39.373218,48.593176,46.107057,0.493420,,,,,,,a3f7f13b0afc17c12ac93546c8d6b991,
AS,aom,av2,0,A1,Tango,3840x2160,60.0000,10,2560x1440,160,2288.588950,38.160484,47.315999,44.268404,10.618425,15.483885,79.637184,77.102743,36.247198,40.239431,38.149969,47.308118,44.248652,0.629194,,,,,,,d6a6403f1dc55fd3b203ceef8ef9dbd0,
AS,aom,av2,0,A1,Tango,3840x2160,60.0000,10,2560x1440,185,1092.340275,36.297089,45.494128,41.879981,10.135304,13.707224,64.588814,61.912497,33.352613,38.534359,36.275850,45.479896,41.856403,0.743259,,,,,,,b4ad5ddb59191f8330ac6387fb487afd,
AS,aom,av2,0,A1,Tango,3840x2160,60.0000,10,2560x1440,210,514.215631,33.831453,43.328419,39.252809,9.557895,11.681956,46.714699,44.422245,30.270019,36.380914,33.799091,43.310244,39.225352,0.844104,,,,,,,6508ba84f3f65dd4ac8901bd407c60e8,
AS,aom,av2,0,A1,Tango,3840x2160,60.0000,10,2560x1440,235,232.139553,30.963424,40.798505,36.569471,8.956963,9.645580,29.249651,27.612816,27.168084,33.813492,30.924201,40.780528,36.542780,0.884974,,,,,,,f3f48a627baae9fd446ccce3b184cf7d,
AS,aom,av2,0,A1,Tango,3840x2160,60.0000,10,1920x1080,110,8345.504342,39.781698,49.063784,46.731152,11.133738,17.398018,93.404982,91.246943,39.751359,41.860142,39.776383,49.060033,46.718413,0.504851,,,,,,,00af7f6532dd099b97b3b013c0076803,
AS,aom,av2,0,A1,Tango,3840x2160,60.0000,10,1920x1080,135,3646.317990,38.955204,48.155989,45.351284,10.847004,16.368324,86.568867,84.075302,37.791328,40.998958,38.949441,48.150354,45.334619,0.582773,,,,,,,c47ee7071fd9c3009382500de5306fe9,
AS,aom,av2,0,A1,Tango,3840x2160,60.0000,10,1920x1080,160,1691.010528,37.492808,46.730501,43.374589,10.436027,14.823429,73.948742,71.429441,35.130442,39.630897,37.478401,46.720412,43.352167,0.751434,,,,,,,830f63f573d420b8178655ee5a825b05,
AS,aom,av2,0,A1,Tango,3840x2160,60.0000,10,1920x1080,185,799.740567,35.411362,44.812839,40.945213,9.924292,12.953735,57.552585,55.031927,32.185976,37.780015,35.385957,44.797314,40.918927,0.915540,,,,,,,fedcb9ae7d1160a68568877180be328a,
AS,aom,av2,0,A1,Tango,3840x2160,60.0000,10,1920x1080,210,368.430339,32.805104,42.538088,38.307128,9.337950,10.913863,40.491208,38.282481,29.123841,35.502495,32.769992,42.514534,38.279491,1.053105,,,,,,,6151591e639b696b3238c0b4ba2e4805,
AS,aom,av2,0,A1,Tango,3840x2160,60.0000,10,1920x1080,235,163.545992,29.935038,40.153078,35.609869,8.768466,9.004007,24.808398,23.343373,26.127837,32.886603,29.894154,40.141975,35.581966,1.066449,,,,,,,120eb5e87323e952f16e189c7abffd90,
AS,aom,av2,0,A1,Tango,3840x2160,60.0000,10,1280x720,110,4971.218320,39.191224,48.394743,45.500451,10.907730,16.732151,88.291236,85.927836,38.398408,41.234306,39.187111,48.389784,45.486032,0.566873,,,,,,,833deaea07e23abfd5500a4a0d8fc48e,
AS,aom,av2,0,A1,Tango,3840x2160,60.0000,10,1280x720,135,2381.748713,38.110791,47.327756,43.970315,10.581783,15.490057,78.798342,76.262853,36.197110,40.186746,38.101046,47.320461,43.950777,0.678360,,,,,,,bbebc550aac2c5a2de910f791bde7833,
AS,aom,av2,0,A1,Tango,3840x2160,60.0000,10,1280x720,160,1106.058249,36.340027,45.685522,41.902970,10.128136,13.777199,64.025789,61.555272,33.422769,38.602442,36.319927,45.671657,41.878093,0.891435,,,,,,,c5b11ff76899106bd86bc9cf18ecb11c,
AS,aom,av2,0,A1,Tango,3840x2160,60.0000,10,1280x720,185,510.681933,34.001919,43.592279,39.463628,9.593226,11.843535,47.263569,44.965790,30.471479,36.569257,33.971646,43.567639,39.434848,1.093529,,,,,,,320d64f8e02d09bc019f8463f75a6fe6,
AS,aom,av2,0,A1,Tango,3840x2160,60.0000,10,1280x720,210,229.077999,31.278670,41.330750,36.888173,9.028632,9.878231,30.688243,28.996055,27.499148,34.144449,31.240649,41.307465,36.859502,1.262952,,,,,,,ccbbd4f9bcdd3859d8d62bd4dc56c0d8,
AS,aom,av2,0,A1,Tango,3840x2160,60.0000,10,1280x720,235,98.751710,28.405098,39.047073,34.260155,8.497443,8.149780,12.889052,12.043306,24.605832,31.498157,28.364023,39.030453,34.236544,1.230057,,,,,,,59056db89379e8275440573d57f68634,
AS,aom,av2,0,A1,Tango,3840x2160,60.0000,10,960x540,110,3629.258126,38.487890,47.716644,44.320809,10.659262,16.043663,81.184399,78.800232,36.922192,40.579508,38.481991,47.710207,44.304718,0.641535,,,,,,,7dbf44e694a38c0b719f6c8d54196c3d,
AS,aom,av2,0,A1,Tango,3840x2160,60.0000,10,960x540,135,1758.040114,37.266301,46.552371,42.762875,10.325626,14.713096,70.007507,67.597447,34.766165,39.438522,37.252727,46.543724,42.741330,0.781209,,,,,,,367805e64ae583ade28bd1f84b9432b2,
AS,aom,av2,0,A1,Tango,3840x2160,60.0000,10,960x540,160,809.858449,35.345387,44.834083,40.735914,9.867808,12.956066,54.765396,52.458493,32.077827,37.744683,35.321039,44.818569,40.706823,1.019295,,,,,,,7c72ff40a6075649f2ec7f9d6728586a,
AS,aom,av2,0,A1,Tango,3840x2160,60.0000,10,960x540,185,367.091370,32.881591,42.733338,38.384699,9.334681,11.001449,38.483320,36.506151,29.195404,35.588418,32.848188,42.710730,38.356143,1.249933,,,,,,,9b35b44457943cb9698f9cc0f5b5941d,
AS,aom,av2,0,A1,Tango,3840x2160,60.0000,10,960x540,210,162.483670,30.184103,40.331458,35.953477,8.817438,9.192639,22.863136,21.695502,26.376386,33.174884,30.145642,40.316565,35.931711,1.423087,,,,,,,b1fa6f832f52ec3e2e7e6f765603acb6,
AS,aom,av2,0,A1,Tango,3840x2160,60.0000,10,960x540,235,69.353416,27.313057,38.037765,33.164305,8.313353,7.573392,5.748199,5.355585,23.528948,30.446180,27.271918,38.015228,33.133476,1.403531,,,,,,,b542645cd610eac125517f4f99e25ff4,
AS,aom,av2,0,A1,Tango,3840x2160,60.0000,10,640x360,110,2322.996388,36.856972,46.457972,42.373131,10.134694,14.623487,61.750534,59.673015,33.947970,39.299097,36.848993,46.449920,42.354241,0.715491,,,,,,,66b704abaf5e8718ce42c6c51f7bda53,
AS,aom,av2,0,A1,Tango,3840x2160,60.0000,10,640x360,135,1135.840160,35.611506,45.291193,40.922018,9.843649,13.348373,50.146546,48.129136,32.264688,38.108776,35.595216,45.281402,40.896238,0.913392,,,,,,,62003fd636e85928bf8f3b357823f3d8,
AS,aom,av2,0,A1,Tango,3840x2160,60.0000,10,640x360,160,516.388227,33.663545,43.498799,39.067007,9.434385,11.661222,35.654716,34.009290,29.978218,36.367342,33.636425,43.483176,39.036102,1.163416,,,,,,,afe490d38dace6050e04d5c5d336e9d3,
AS,aom,av2,0,A1,Tango,3840x2160,60.0000,10,640x360,185,229.439484,31.243485,41.282896,36.840515,8.974434,9.894779,22.245072,21.048401,27.415987,34.153633,31.208190,41.253921,36.808554,1.468460,,,,,,,4ac0db49d8aa69d040b755405ade2c85,
AS,aom,av2,0,A1,Tango,3840x2160,60.0000,10,640x360,210,98.836548,28.611126,39.230397,34.451440,8.525236,8.296555,9.398375,8.847740,24.797947,31.718658,28.572189,39.213694,34.425192,1.589245,,,,,,,098260efead6917d986749b67f7b3f7b,
AS,aom,av2,0,A1,Tango,3840x2160,60.0000,10,640x360,235,41.585491,25.802438,37.100782,31.834492,8.051875,6.861952,0.144819,0.130657,22.069321,28.998114,25.761286,37.088343,31.809019,1.496157,,,,,,,7a5b5f78d89f6b68e8ae0f96d596dc36,
AS,aom,av2,0,A1,TimeLapse,3840x2160,60.0000,10,3840x2160,110,27016.914163,43.632715,49.656724,51.457869,16.709727,23.356035,95.136639,93.443427,45.284547,44.763459,43.540445,49.634470,51.383752,0.009170,,,,,,,ac6ee6f5ea95b30cdcc276bb31cd8f0b,
AS,aom,av2,0,A1,TimeLapse,3840x2160,60.0000,10,3840x2160,135,9753.730577,41.704354,48.005682,49.699566,15.199282,20.905212,92.225289,90.242461,41.639319,43.146352,41.637719,47.996450,49.658461,0.007727,,,,,,,af21d089a8fef7821ed36a4076a9e893,
AS,aom,av2,0,A1,TimeLapse,3840x2160,60.0000,10,3840x2160,160,3513.203105,39.438187,46.005298,47.516637,13.482359,18.141706,86.409050,84.096212,37.839537,41.144044,39.374686,45.998923,47.495066,0.006812,,,,,,,04030d47412aba14c0e65c5f80e764ae,
AS,aom,av2,0,A1,TimeLapse,3840x2160,60.0000,10,3840x2160,185,1313.723815,36.954951,43.895690,45.240089,11.650883,15.316065,76.650344,74.034541,34.256433,38.906682,36.886668,43.889967,45.223877,0.009042,,,,,,,57f478b0fa513c4352741e42b913d774,
AS,aom,av2,0,A1,TimeLapse,3840x2160,60.0000,10,3840x2160,210,481.379544,34.326688,41.758808,42.966162,9.930440,12.504989,61.717612,59.118318,30.868980,36.494284,34.247952,41.751550,42.954572,0.014085,,,,,,,da472f27143852460b48671159f05422,
AS,aom,av2,0,A1,TimeLapse,3840x2160,60.0000,10,3840x2160,235,170.716668,31.653484,39.431472,40.532882,8.531670,9.931261,43.910507,41.658334,27.763060,33.897606,31.568245,39.425958,40.517462,0.016452,,,,,,,860e8dcc800d254a163e1aeeb5b4f2eb,
AS,aom,av2,0,A1,TimeLapse,3840x2160,60.0000,10,2560x1440,110,14034.546377,42.025510,48.315624,50.141350,15.595722,21.850141,93.097818,91.031177,43.074246,43.446430,41.958333,48.304353,50.084133,0.010524,,,,,,,4626f54b027dd3488c341f17107400aa,
AS,aom,av2,0,A1,TimeLapse,3840x2160,60.0000,10,2560x1440,135,5412.067317,40.236145,46.721529,48.446386,14.149646,19.369208,89.039921,86.705444,39.496723,41.890464,40.173040,46.715276,48.410674,0.007616,,,,,,,1a04f198f695b3aba06cd6306a38fe02,
AS,aom,av2,0,A1,TimeLapse,3840x2160,60.0000,10,2560x1440,160,2007.261661,37.978085,44.785997,46.302965,12.415467,16.589396,81.282485,78.732674,35.843142,39.867000,37.912431,44.780031,46.282899,0.009705,,,,,,,9bc94dfe464cb298e410ed91b87082ec,
AS,aom,av2,0,A1,TimeLapse,3840x2160,60.0000,10,2560x1440,185,741.836625,35.472232,42.728055,44.134408,10.644419,13.763992,68.810416,66.172089,32.366376,37.606423,35.398273,42.722383,44.119936,0.012664,,,,,,,0c79088af531678f4433724f09c682c2,
AS,aom,av2,0,A1,TimeLapse,3840x2160,60.0000,10,2560x1440,210,264.798586,32.860336,40.650345,42.029247,9.123558,11.087919,51.845014,49.298895,29.158375,35.220922,32.777484,40.643311,42.015480,0.017572,,,,,,,09bd23a6928a46141228f64f7666497e,
AS,aom,av2,0,A1,TimeLapse,3840x2160,60.0000,10,2560x1440,235,94.672097,30.292280,38.576567,39.650978,7.985855,8.800337,35.107170,33.076336,26.298474,32.721309,30.200630,38.570702,39.630129,0.024026,,,,,,,d2a167b61c92578ab8dc75ad2752c5e2,
AS,aom,av2,0,A1,TimeLapse,3840x2160,60.0000,10,1920x1080,110,8954.960117,40.404822,47.094858,49.059102,14.431313,20.451785,90.142414,87.783379,41.151887,42.185128,40.334174,47.087399,49.024292,0.013404,,,,,,,013d7e8206121ebd869d505d6e52d5a1,
AS,aom,av2,0,A1,TimeLapse,3840x2160,60.0000,10,1920x1080,135,3542.132944,38.849750,45.596123,47.447129,13.147971,18.107887,85.023171,82.493873,37.836006,40.726614,38.783577,45.591426,47.423915,0.013533,,,,,,,39d674b97f4842d364f4959ed4a0f969,
AS,aom,av2,0,A1,TimeLapse,3840x2160,60.0000,10,1920x1080,160,1330.318912,36.767067,43.788115,45.481868,11.552119,15.417595,75.873098,73.164861,34.378448,38.814761,36.696996,43.783359,45.467178,0.018753,,,,,,,89a8adb7171725408421d7b808d2572e,
AS,aom,av2,0,A1,TimeLapse,3840x2160,60.0000,10,1920x1080,185,485.654653,34.345544,41.899573,43.354751,9.924213,12.646204,61.521025,58.904451,31.029148,36.610371,34.266741,41.893386,43.339632,0.021932,,,,,,,ca1ad9a43cb648317d2e8ccf4b4b6028,
AS,aom,av2,0,A1,TimeLapse,3840x2160,60.0000,10,1920x1080,210,172.892953,31.839738,39.887533,41.218671,8.614093,10.154099,44.516117,42.205017,28.015365,34.273802,31.752464,39.880841,41.199031,0.027701,,,,,,,20bd3d0b502e92e5c336581e2c77d3fd,
AS,aom,av2,0,A1,TimeLapse,3840x2160,60.0000,10,1920x1080,235,63.790978,29.329337,37.767488,38.857308,7.621495,8.107020,28.595256,26.835038,25.273912,31.807195,29.235476,37.764522,38.817186,0.042773,,,,,,,526fb35cfe92952255b69c30a68414ee,
AS,aom,av2,0,A1,TimeLapse,3840x2160,60.0000,10,1280x720,110,4450.975486,37.178900,45.276238,47.509476,11.952987,17.530675,80.500745,78.080577,36.109565,39.870805,37.091011,45.269113,47.496400,0.012845,,,,,,,4736e187b878cd390b1d630efd907585,
AS,aom,av2,0,A1,TimeLapse,3840x2160,60.0000,10,1280x720,135,1855.744256,36.210274,43.958756,46.027799,11.187171,15.826716,73.964269,71.514862,34.253527,38.702102,36.130363,43.954402,46.016782,0.017791,,,,,,,1aa9d25d54ba66723a032c3357233831,
AS,aom,av2,0,A1,TimeLapse,3840x2160,60.0000,10,1280x720,160,725.271037,34.640957,42.326641,44.233870,10.061724,13.545549,62.884641,60.474958,31.741560,37.047527,34.560479,42.322926,44.222871,0.021894,,,,,,,91a233a93f8b2c071f7603c1d6efbdae,
AS,aom,av2,0,A1,TimeLapse,3840x2160,60.0000,10,1280x720,185,264.901867,32.580419,40.570250,42.297661,8.859359,11.084542,47.242764,45.162538,28.980047,35.060252,32.492975,40.564809,42.282626,0.026132,,,,,,,ece833e2fe5df8c72cd8ae218e5fd27f,
AS,aom,av2,0,A1,TimeLapse,3840x2160,60.0000,10,1280x720,210,95.450396,30.318680,38.793101,40.206664,7.913877,8.914709,32.037790,30.389152,26.365324,32.919530,30.226854,38.787021,40.185737,0.041475,,,,,,,a04d109296389e31c0e4e1c2b618eeb9,
AS,aom,av2,0,A1,TimeLapse,3840x2160,60.0000,10,1280x720,235,36.602167,27.997032,36.852131,38.110941,7.163605,7.195151,19.016815,17.723046,23.911648,30.643564,27.907235,36.844927,38.070625,0.077034,,,,,,,886796ddf1ebc4570c6e1046baa0c3dc,
AS,aom,av2,0,A1,TimeLapse,3840x2160,60.0000,10,960x540,110,2628.332898,34.680747,43.842002,46.275152,10.069306,14.913680,67.636858,65.128908,31.965263,37.986588,34.581258,43.833990,46.268775,0.015699,,,,,,,93572f1e9e1af0c3d6a7ad9d86ff7cf3,
AS,aom,av2,0,A1,TimeLapse,3840x2160,60.0000,10,960x540,135,1134.220856,34.063213,42.687968,44.951410,9.633602,13.790229,60.634666,58.194645,31.020246,37.051188,33.971396,42.683160,44.944369,0.022762,,,,,,,e3671bd04b5af112b5f71f25c6b11529,
AS,aom,av2,0,A1,TimeLapse,3840x2160,60.0000,10,960x540,160,457.263352,32.919230,41.240484,43.275802,8.915577,12.031410,49.358935,47.052154,29.431084,35.665072,32.829029,41.237206,43.267636,0.027548,,,,,,,235692f3a69f4379820f1dbdab1918ff,
AS,aom,av2,0,A1,TimeLapse,3840x2160,60.0000,10,960x540,185,169.739184,31.226683,39.708451,41.455149,8.112377,9.976971,34.697874,32.884159,27.363145,33.914460,31.136672,39.704835,41.443110,0.037250,,,,,,,007363f14188ae8494095ecebfc1d009,
AS,aom,av2,0,A1,TimeLapse,3840x2160,60.0000,10,960x540,210,63.311458,29.231813,37.929146,39.262655,7.439215,8.126474,22.288707,20.891959,25.159080,31.896950,29.138674,37.923769,39.229861,0.062768,,,,,,,a864ee0107c4d0810c3e0cb4d69c904f,
AS,aom,av2,0,A1,TimeLapse,3840x2160,60.0000,10,960x540,235,25.753938,27.088664,36.086368,37.678768,6.879289,6.576406,11.639962,10.689602,22.990572,29.822501,27.002634,36.075958,37.615299,0.117071,,,,,,,a694aebd327682ede8bfc46ba031f770,
AS,aom,av2,0,A1,TimeLapse,3840x2160,60.0000,10,640x360,110,1228.690079,32.065572,42.427694,44.880588,8.345871,12.111925,43.061023,40.938345,28.107731,35.863943,31.964087,42.421397,44.865975,0.017986,,,,,,,2d4eb3553cb6fe9c4ff9befd7a75616f,
AS,aom,av2,0,A1,TimeLapse,3840x2160,60.0000,10,640x360,135,562.252517,31.690412,41.414364,43.693637,8.156011,11.436829,36.991111,35.065424,27.665452,35.159225,31.594811,41.410543,43.681972,0.023952,,,,,,,89b7609a949825a2831e944741731439,
AS,aom,av2,0,A1,TimeLapse,3840x2160,60.0000,10,640x360,160,235.492507,30.877798,40.074989,42.172912,7.791715,10.190351,27.387761,25.833910,26.756404,34.001594,30.785459,40.070211,42.157505,0.028497,,,,,,,193ea6b97fa4527a85914f5893d6c408,
AS,aom,av2,0,A1,TimeLapse,3840x2160,60.0000,10,640x360,185,90.979789,29.541717,38.572230,40.313510,7.338434,8.607820,17.947567,16.729300,25.355221,32.441189,29.449609,38.566168,40.292185,0.042623,,,,,,,96e1ff476ba29eeb5cae1c5eab962fb4,
AS,aom,av2,0,A1,TimeLapse,3840x2160,60.0000,10,640x360,210,35.794359,27.824417,36.806710,38.528975,6.916147,7.121841,10.424737,9.599803,23.654027,30.559889,27.733151,36.801347,38.464833,0.094362,,,,,,,57d7f9a0ca20166d65a18c0e9335d7df,
AS,aom,av2,0,A1,TimeLapse,3840x2160,60.0000,10,640x360,235,15.846308,25.830632,35.299326,36.664747,6.531661,5.823794,3.788813,3.067038,21.759431,28.557488,25.746844,35.295672,36.619066,0.206588,,,,,,,2d011093d7da7a6b86c2fd8125693fdb,
